{
    "size": 109483778,
    "size_nz": 109483778,
    "compression_ratio": 1.0,
    "loss": 0.04360802724425283,
    "val_acc1": 0.49665178571428564,
    "val_acc5": 0.0
}