{
    "size": 109483778,
    "size_nz": 36494594,
    "compression_ratio": 2.9999998903947254,
    "loss": 0.04357752130765999,
    "val_acc1": 0.4955357142857143,
    "val_acc5": 0.0
}