{
    "size": 109483778,
    "size_nz": 109483778,
    "compression_ratio": 1.0,
    "loss": 0.043421565621559105,
    "val_acc1": 0.48214285714285715,
    "val_acc5": 0.0
}