{
    "size": 109483778,
    "size_nz": 31281080,
    "compression_ratio": 3.4999999360635887,
    "loss": 0.04333602264523506,
    "val_acc1": 0.4955357142857143,
    "val_acc5": 0.0
}