{
    "size": 109483778,
    "size_nz": 109483778,
    "compression_ratio": 1.0,
    "loss": 0.04425457359424659,
    "val_acc1": 0.4095982142857143,
    "val_acc5": 0.0
}