{
    "size": 109483009,
    "size_nz": 109483009,
    "compression_ratio": 1.0,
    "loss": 2.372017798271586,
    "val_acc1": 2.372017798271586,
    "val_acc5": 0.0
}