{
    "size": 109483778,
    "size_nz": 54741916,
    "compression_ratio": 1.9999990135529784,
    "loss": 0.010552816312102711,
    "val_acc1": 0.4080882352941176,
    "val_acc5": 0.0
}