{
    "size": 109483009,
    "size_nz": 109483009,
    "compression_ratio": 1.0,
    "loss": 0.16662876264370505,
    "val_acc1": 42.36345990160679,
    "val_acc5": 0.0
}