{
    "size": 109483009,
    "size_nz": 31280940,
    "compression_ratio": 3.4999910168939934,
    "loss": 2.2545383204805085,
    "val_acc1": 2.2545383204805085,
    "val_acc5": 0.0
}