{
    "size": 109483778,
    "size_nz": 109483778,
    "compression_ratio": 1.0,
    "loss": 0.043693031916128736,
    "val_acc1": 0.47544642857142855,
    "val_acc5": 0.0
}