{
    "size": 109483778,
    "size_nz": 27371038,
    "compression_ratio": 3.999986335921933,
    "loss": 0.04338109120726587,
    "val_acc1": 0.4776785714285714,
    "val_acc5": 0.0
}