{
    "size": 109483778,
    "size_nz": 36494680,
    "compression_ratio": 2.9999928208714257,
    "loss": 0.04417734273842404,
    "val_acc1": 0.47433035714285715,
    "val_acc5": 0.0
}