{
    "size": 109483778,
    "size_nz": 31281154,
    "compression_ratio": 3.49999165631805,
    "loss": 0.04832631928314055,
    "val_acc1": 0.4776785714285714,
    "val_acc5": 0.0
}