{
    "size": 109483778,
    "size_nz": 72989188,
    "compression_ratio": 1.4999999451973627,
    "loss": 0.007281029706492143,
    "val_acc1": 0.6819852941176471,
    "val_acc5": 0.0
}