{
    "size": 109483778,
    "size_nz": 36494684,
    "compression_ratio": 2.999992492057199,
    "loss": 0.0420452515328569,
    "val_acc1": 0.5223214285714287,
    "val_acc5": 0.0
}