{
    "size": 109483778,
    "size_nz": 54741916,
    "compression_ratio": 1.9999990135529784,
    "loss": 0.009331695571103516,
    "val_acc1": 0.4797794117647058,
    "val_acc5": 0.0
}