{
    "size": 109483778,
    "size_nz": 32489742,
    "compression_ratio": 3.369795241833561,
    "loss": 0.04340139536985328,
    "val_acc1": 0.4776785714285714,
    "val_acc5": 0.0
}