{
    "size": 109483778,
    "size_nz": 109483778,
    "compression_ratio": 1.0,
    "loss": 0.043273166021598246,
    "val_acc1": 0.4921875000000003,
    "val_acc5": 0.0
}