{
    "size": 109483778,
    "size_nz": 54741917,
    "compression_ratio": 1.999998977017922,
    "loss": 0.043273473025432656,
    "val_acc1": 0.5,
    "val_acc5": 0.0
}