{
    "size": 109483778,
    "size_nz": 55019284,
    "compression_ratio": 1.9899164445687807,
    "loss": 0.04542312904128008,
    "val_acc1": 0.4776785714285714,
    "val_acc5": 0.0
}