{
    "size": 109483778,
    "size_nz": 109483778,
    "compression_ratio": 1.0,
    "loss": 0.04351767245680093,
    "val_acc1": 0.5044642857142856,
    "val_acc5": 0.0
}