{
    "size": 109483778,
    "size_nz": 31281154,
    "compression_ratio": 3.49999165631805,
    "loss": 0.044023363717964725,
    "val_acc1": 0.4977678571428571,
    "val_acc5": 0.0
}