{
    "size": 109483778,
    "size_nz": 72989192,
    "compression_ratio": 1.4999998629934141,
    "loss": 0.038023032913250585,
    "val_acc1": 0.607142857142857,
    "val_acc5": 0.0
}