{
    "size": 109483009,
    "size_nz": 31280943,
    "compression_ratio": 3.4999906812272252,
    "loss": 2.50637012656699,
    "val_acc1": 2.50637012656699,
    "val_acc5": 0.0
}