{
    "size": 109483009,
    "size_nz": 31280940,
    "compression_ratio": 3.4999910168939934,
    "loss": 0.14287965063084948,
    "val_acc1": 36.367300033569336,
    "val_acc5": 0.0
}