{
    "size": 109483778,
    "size_nz": 31281152,
    "compression_ratio": 3.4999918800944414,
    "loss": 0.043164459589336596,
    "val_acc1": 0.4966517857142858,
    "val_acc5": 0.0
}