{
    "size": 109483778,
    "size_nz": 31281153,
    "compression_ratio": 3.4999917682062422,
    "loss": 0.043504495107169666,
    "val_acc1": 0.4776785714285714,
    "val_acc5": 0.0
}