{
    "size": 109483778,
    "size_nz": 36494678,
    "compression_ratio": 2.9999929852785656,
    "loss": 0.04428789558421288,
    "val_acc1": 0.4765625000000001,
    "val_acc5": 0.0
}