{
    "size": 109483778,
    "size_nz": 54741920,
    "compression_ratio": 1.9999988674127616,
    "loss": 0.04466178394587977,
    "val_acc1": 0.49665178571428575,
    "val_acc5": 0.0
}