{
    "size": 109483778,
    "size_nz": 54741915,
    "compression_ratio": 1.9999990500880358,
    "loss": 0.041956206384514055,
    "val_acc1": 0.6328124999999999,
    "val_acc5": 0.0
}