{
    "size": 109483778,
    "size_nz": 36494677,
    "compression_ratio": 2.9999930674821425,
    "loss": 0.04283866692068323,
    "val_acc1": 0.49665178571428564,
    "val_acc5": 0.0
}