{
    "size": 109483778,
    "size_nz": 109483778,
    "compression_ratio": 1.0,
    "loss": 0.04451773395495756,
    "val_acc1": 0.39843749999999994,
    "val_acc5": 0.0
}