{
    "size": 109483778,
    "size_nz": 31281154,
    "compression_ratio": 3.49999165631805,
    "loss": 0.04333188817171114,
    "val_acc1": 0.4955357142857143,
    "val_acc5": 0.0
}