{
    "size": 109483778,
    "size_nz": 72989190,
    "compression_ratio": 1.4999999040953873,
    "loss": 0.009306521867127979,
    "val_acc1": 0.6139705882352943,
    "val_acc5": 0.0
}