{
    "size": 109483778,
    "size_nz": 54741917,
    "compression_ratio": 1.999998977017922,
    "loss": 0.009802876314257873,
    "val_acc1": 0.42555147058823534,
    "val_acc5": 0.0
}