{
    "size": 109483009,
    "size_nz": 109483009,
    "compression_ratio": 1.0,
    "loss": 34.858283540035835,
    "val_acc1": 34.858283540035835,
    "val_acc5": 0.0
}