{
    "size": 109483778,
    "size_nz": 109483778,
    "compression_ratio": 1.0,
    "loss": 0.04374080310974803,
    "val_acc1": 0.49330357142857145,
    "val_acc5": 0.0
}