{
    "size": 109483778,
    "size_nz": 54741916,
    "compression_ratio": 1.9999990135529784,
    "loss": 0.040906335759375786,
    "val_acc1": 0.6093750000000001,
    "val_acc5": 0.0
}