{
    "size": 109483778,
    "size_nz": 31281080,
    "compression_ratio": 3.4999999360635887,
    "loss": 0.04334842713017549,
    "val_acc1": 0.4776785714285714,
    "val_acc5": 0.0
}