{
    "size": 109483778,
    "size_nz": 109483778,
    "compression_ratio": 1.0,
    "loss": 0.04846620932221411,
    "val_acc1": 0.4776785714285714,
    "val_acc5": 0.0
}