{
    "size": 109483778,
    "size_nz": 54741919,
    "compression_ratio": 1.9999989039478137,
    "loss": 0.03759760003803031,
    "val_acc1": 0.7633928571428571,
    "val_acc5": 0.0
}