{
    "size": 109483778,
    "size_nz": 72869210,
    "compression_ratio": 1.5024696713467869,
    "loss": 0.04288853525317141,
    "val_acc1": 0.513392857142857,
    "val_acc5": 0.0
}