{
    "size": 109483778,
    "size_nz": 54741918,
    "compression_ratio": 1.9999989404828673,
    "loss": 0.04576062919971134,
    "val_acc1": 0.48214285714285715,
    "val_acc5": 0.0
}