{
    "size": 109483778,
    "size_nz": 109483778,
    "compression_ratio": 1.0,
    "loss": 0.04611345753073691,
    "val_acc1": 0.4955357142857143,
    "val_acc5": 0.0
}