{
    "size": 109483778,
    "size_nz": 87586956,
    "compression_ratio": 1.2500009476296905,
    "loss": 0.0101653891889488,
    "val_acc1": 0.42922794117647056,
    "val_acc5": 0.0
}