{
    "size": 109483778,
    "size_nz": 109483778,
    "compression_ratio": 1.0,
    "loss": 0.044905660607452894,
    "val_acc1": 0.46874999999999994,
    "val_acc5": 0.0
}