{
    "size": 109483778,
    "size_nz": 54741890,
    "compression_ratio": 1.9999999634649077,
    "loss": 0.041334815456398895,
    "val_acc1": 0.5290178571428574,
    "val_acc5": 0.0
}