{
    "size": 109483778,
    "size_nz": 109483778,
    "compression_ratio": 1.0,
    "loss": 0.04395790524514659,
    "val_acc1": 0.4732142857142857,
    "val_acc5": 0.0
}