{
    "size": 109483778,
    "size_nz": 72989196,
    "compression_ratio": 1.4999997807894747,
    "loss": 0.010192610432996468,
    "val_acc1": 0.4338235294117647,
    "val_acc5": 0.0
}