{
    "size": 109483778,
    "size_nz": 109483778,
    "compression_ratio": 1.0,
    "loss": 0.043796299890215905,
    "val_acc1": 0.47321428571428575,
    "val_acc5": 0.0
}