{
    "size": 109483009,
    "size_nz": 109483009,
    "compression_ratio": 1.0,
    "loss": 3.478671222291095,
    "val_acc1": 3.478671222291095,
    "val_acc5": 0.0
}