{
    "size": 109483778,
    "size_nz": 54741920,
    "compression_ratio": 1.9999988674127616,
    "loss": 0.04189115180633962,
    "val_acc1": 0.4988839285714284,
    "val_acc5": 0.0
}