{
    "size": 109483778,
    "size_nz": 109483778,
    "compression_ratio": 1.0,
    "loss": 0.0463477198167571,
    "val_acc1": 0.4765625000000001,
    "val_acc5": 0.0
}