{
    "size": 109483778,
    "size_nz": 54741890,
    "compression_ratio": 1.9999999634649077,
    "loss": 0.04160827325124825,
    "val_acc1": 0.5100446428571431,
    "val_acc5": 0.0
}