{
    "size": 109483778,
    "size_nz": 72989194,
    "compression_ratio": 1.4999998218914432,
    "loss": 0.00698968768119812,
    "val_acc1": 0.6939338235294118,
    "val_acc5": 0.0
}