{
    "size": 109483778,
    "size_nz": 31281152,
    "compression_ratio": 3.4999918800944414,
    "loss": 0.04325484777135508,
    "val_acc1": 0.512276785714286,
    "val_acc5": 0.0
}