{
    "size": 109483778,
    "size_nz": 54741916,
    "compression_ratio": 1.9999990135529784,
    "loss": 0.04388861304947308,
    "val_acc1": 0.4776785714285714,
    "val_acc5": 0.0
}