{
    "size": 109483778,
    "size_nz": 109483778,
    "compression_ratio": 1.0,
    "loss": 0.043701072090438435,
    "val_acc1": 0.45424107142857156,
    "val_acc5": 0.0
}