{
    "size": 109483009,
    "size_nz": 109483009,
    "compression_ratio": 1.0,
    "loss": 59.107966950599184,
    "val_acc1": 59.107966950599184,
    "val_acc5": 0.0
}