{
    "size": 109483778,
    "size_nz": 47764246,
    "compression_ratio": 2.2921701307710376,
    "loss": 0.043273544737270894,
    "val_acc1": 0.4977678571428571,
    "val_acc5": 0.0
}