{
    "size": 109483778,
    "size_nz": 54741915,
    "compression_ratio": 1.9999990500880358,
    "loss": 0.04292367857747845,
    "val_acc1": 0.48772321428571414,
    "val_acc5": 0.0
}