{
    "size": 109483778,
    "size_nz": 31281153,
    "compression_ratio": 3.4999917682062422,
    "loss": 0.04342022292049867,
    "val_acc1": 0.48549107142857145,
    "val_acc5": 0.0
}