{
    "size": 109483778,
    "size_nz": 60664409,
    "compression_ratio": 1.8047448216300928,
    "loss": 0.043137013246970515,
    "val_acc1": 0.49665178571428564,
    "val_acc5": 0.0
}