{
    "size": 109483778,
    "size_nz": 31281155,
    "compression_ratio": 3.4999915444298653,
    "loss": 0.043165486239429014,
    "val_acc1": 0.5535714285714285,
    "val_acc5": 0.0
}