{
    "size": 109483778,
    "size_nz": 27370945,
    "compression_ratio": 3.9999999269298154,
    "loss": 0.04391461138480477,
    "val_acc1": 0.4955357142857143,
    "val_acc5": 0.0
}