{
    "size": 109483778,
    "size_nz": 54741916,
    "compression_ratio": 1.9999990135529784,
    "loss": 0.04327712247946432,
    "val_acc1": 0.5022321428571429,
    "val_acc5": 0.0
}