{
    "size": 109483778,
    "size_nz": 109483778,
    "compression_ratio": 1.0,
    "loss": 0.04329101282304951,
    "val_acc1": 0.49441964285714296,
    "val_acc5": 0.0
}