{
    "size": 109483778,
    "size_nz": 109483778,
    "compression_ratio": 1.0,
    "loss": 0.04328497951584202,
    "val_acc1": 0.484375,
    "val_acc5": 0.0
}