{
    "size": 109483778,
    "size_nz": 109483778,
    "compression_ratio": 1.0,
    "loss": 0.04469458845310977,
    "val_acc1": 0.4665178571428571,
    "val_acc5": 0.0
}