{
    "size": 109483009,
    "size_nz": 31280939,
    "compression_ratio": 3.4999911287829306,
    "loss": 35.81470037013926,
    "val_acc1": 35.81470037013926,
    "val_acc5": 0.0
}