{
    "size": 109483778,
    "size_nz": 31281085,
    "compression_ratio": 3.4999993766200883,
    "loss": 0.04417758933933719,
    "val_acc1": 0.4955357142857143,
    "val_acc5": 0.0
}