{
    "size": 109483778,
    "size_nz": 54741916,
    "compression_ratio": 1.9999990135529784,
    "loss": 0.04338144584159764,
    "val_acc1": 0.47767857142857145,
    "val_acc5": 0.0
}