{
    "size": 109483778,
    "size_nz": 31281152,
    "compression_ratio": 3.4999918800944414,
    "loss": 0.04353959173230189,
    "val_acc1": 0.4955357142857143,
    "val_acc5": 0.0
}