{
    "size": 109483778,
    "size_nz": 109483778,
    "compression_ratio": 1.0,
    "loss": 0.045889191795140505,
    "val_acc1": 0.4955357142857142,
    "val_acc5": 0.0
}