{
    "size": 109483009,
    "size_nz": 31280941,
    "compression_ratio": 3.4999909050050637,
    "loss": 2.2962210330557324,
    "val_acc1": 2.2962210330557324,
    "val_acc5": 0.0
}