{
    "size": 109483778,
    "size_nz": 109483778,
    "compression_ratio": 1.0,
    "loss": 0.045419397564338784,
    "val_acc1": 0.47879464285714285,
    "val_acc5": 0.0
}