{
    "size": 109483778,
    "size_nz": 36494596,
    "compression_ratio": 2.9999997259868283,
    "loss": 0.04501639685726592,
    "val_acc1": 0.45089285714285704,
    "val_acc5": 0.0
}