{
    "size": 109483778,
    "size_nz": 27371037,
    "compression_ratio": 3.9999864820613116,
    "loss": 0.043970614605184116,
    "val_acc1": 0.4955357142857143,
    "val_acc5": 0.0
}