{
    "size": 109483009,
    "size_nz": 31280939,
    "compression_ratio": 3.4999911287829306,
    "loss": 2.2751515184311173,
    "val_acc1": 2.2751515184311173,
    "val_acc5": 0.0
}