{
    "size": 109483778,
    "size_nz": 54741894,
    "compression_ratio": 1.9999998173245521,
    "loss": 0.0095014362322057,
    "val_acc1": 0.47977941176470595,
    "val_acc5": 0.0
}