{
    "size": 109483778,
    "size_nz": 54741916,
    "compression_ratio": 1.9999990135529784,
    "loss": 0.039650679432920055,
    "val_acc1": 0.6830357142857142,
    "val_acc5": 0.0
}