{
    "size": 109483778,
    "size_nz": 87586954,
    "compression_ratio": 1.2500009761727757,
    "loss": 0.04067347165463225,
    "val_acc1": 0.5390625,
    "val_acc5": 0.0
}