{
    "size": 109483778,
    "size_nz": 27371038,
    "compression_ratio": 3.999986335921933,
    "loss": 0.04327667943601098,
    "val_acc1": 0.4977678571428571,
    "val_acc5": 0.0
}