{
    "size": 109483778,
    "size_nz": 27371037,
    "compression_ratio": 3.9999864820613116,
    "loss": 0.04472541589555995,
    "val_acc1": 0.4776785714285714,
    "val_acc5": 0.0
}