{
    "size": 109483778,
    "size_nz": 36494681,
    "compression_ratio": 2.999992738667862,
    "loss": 0.04325260088912078,
    "val_acc1": 0.4765625000000001,
    "val_acc5": 0.0
}