{
    "size": 109483009,
    "size_nz": 31280942,
    "compression_ratio": 3.4999907931161407,
    "loss": 2.2542942527760848,
    "val_acc1": 2.2542942527760848,
    "val_acc5": 0.0
}